_AverageReward,Steps,Zero steps,% of optimal actions,% of pure optimal actions,ValFuncLoss,_mean_act,_mean_adv,_min_adv,_max_adv,_std_adv,_mean_discrew,_min_discrew,_max_discrew,_std_discrew,_Episode,_time_from_beginning_in_minutes,PolicyLoss,Clipping,Max ratio,Min ratio,Mean ratio,PolicyEntropy,KL,Beta,_lr_multiplier
9.725895602724583,207151,0,0.0,0.0,0.0775960759281374,0.26613210780645813,-0.03367890288433123,-3.223078872521244,1.9051515354084392,0.9999999854747478,-3216.094653038722,-161759.85955173642,3034.553943741496,236078040.79069754,1,0.7,0.030815832,0.1,1.0144417,0.9777105,0.9996523,0.6905031,3.264733e-05,3,0.5
10.642679420902681,232707,0,0.0,0.0,0.05849084351485487,0.2473969188457489,-0.0021617603786325814,-6.354104180809668,3.4369739579009795,0.9999999818575996,-3596.7298742563858,-119572.6249017097,4053.5108097307416,178438965.65479308,2,1.51,0.0019333212,0.01,1.001602,0.99820364,0.99999964,0.6906287,2.7506323e-07,3,0.05
